timestamp,service_name,status_code,response_time_ms
2026-03-06 19:09:00,notification-service,400,415
2026-03-01 21:50:00,report-service,200,179
2026-03-07 04:39:00,inventory-service,201,103
2026-03-04 18:30:00,report-service,400,474
2026-03-02 17:13:00,inventory-service,503,405
2026-03-03 13:55:00,inventory-service,200,717
2026-03-05 19:06:00,notification-service,201,667
2026-03-04 07:33:00,report-service,400,311
2026-03-07 07:31:00,report-service,400,313
2026-03-03 11:40:00,inventory-service,200,377
2026-03-06 23:35:00,auth-service,200,540
2026-03-01 20:36:00,inventory-service,500,894
2026-03-01 01:48:00,inventory-service,500,192
2026-03-01 14:59:00,auth-service,502,600
2026-03-02 19:49:00,inventory-service,500,730
2026-03-03 06:10:00,inventory-service,200,133
2026-03-03 16:38:00,report-service,200,254
2026-03-02 00:59:00,report-service,201,245
2026-03-06 09:01:00,report-service,201,208
2026-03-03 18:22:00,inventory-service,201,366
2026-03-06 12:28:00,notification-service,502,281
2026-03-02 01:28:00,auth-service,200,334
2026-03-01 16:21:00,report-service,404,516
2026-03-04 12:42:00,payment-service,200,210
2026-03-02 16:56:00,auth-service,201,453
2026-03-06 06:06:00,notification-service,400,517
2026-03-06 15:33:00,inventory-service,200,493
2026-03-06 21:00:00,payment-service,200,459
2026-03-04 09:14:00,auth-service,401,274
2026-03-05 14:14:00,auth-service,201,204
2026-03-01 09:05:00,payment-service,400,852
2026-03-05 14:30:00,payment-service,200,393
2026-03-07 18:00:00,notification-service,401,259
2026-03-03 01:06:00,report-service,200,102
2026-03-03 06:30:00,inventory-service,200,812
2026-03-05 01:56:00,inventory-service,201,893
2026-03-02 06:48:00,inventory-service,201,140
2026-03-03 12:25:00,notification-service,404,318
2026-03-06 02:56:00,inventory-service,500,491
2026-03-04 17:39:00,report-service,500,330
2026-03-05 14:01:00,notification-service,201,274
2026-03-07 06:47:00,notification-service,201,608
2026-03-02 19:03:00,notification-service,500,117
2026-03-04 12:06:00,inventory-service,200,74
2026-03-03 14:44:00,inventory-service,500,542
2026-03-04 01:17:00,auth-service,200,406
2026-03-05 14:48:00,report-service,400,707
2026-03-01 00:26:00,inventory-service,201,274
2026-03-07 05:11:00,report-service,500,792
2026-03-01 00:46:00,payment-service,404,699
2026-03-03 21:12:00,notification-service,200,307
2026-03-02 20:03:00,inventory-service,500,740
2026-03-05 19:21:00,inventory-service,502,167
2026-03-07 03:29:00,report-service,200,149
2026-03-06 01:51:00,auth-service,404,663
2026-03-04 11:29:00,notification-service,502,867
2026-03-02 22:43:00,notification-service,404,370
2026-03-06 00:41:00,auth-service,502,818
2026-03-04 17:54:00,notification-service,200,504
2026-03-03 02:58:00,payment-service,201,415
2026-03-01 13:27:00,notification-service,200,614
2026-03-05 06:03:00,report-service,201,710
2026-03-05 04:28:00,inventory-service,401,210
2026-03-05 20:35:00,auth-service,404,663
2026-03-06 00:36:00,auth-service,200,761
2026-03-01 04:03:00,inventory-service,500,402
2026-03-07 01:32:00,report-service,400,610
2026-03-05 22:09:00,auth-service,201,579
2026-03-01 12:01:00,auth-service,500,692
2026-03-04 13:43:00,payment-service,200,485
2026-03-06 01:53:00,report-service,400,397
2026-03-04 23:39:00,inventory-service,200,712
2026-03-01 19:38:00,payment-service,503,60
2026-03-01 21:57:00,report-service,200,431
2026-03-01 16:22:00,payment-service,500,251
2026-03-06 08:26:00,auth-service,200,410
2026-03-04 06:28:00,inventory-service,404,418
2026-03-07 02:24:00,payment-service,503,136
2026-03-04 12:38:00,payment-service,502,896
2026-03-01 01:30:00,inventory-service,503,307
2026-03-01 22:06:00,notification-service,500,554
2026-03-06 22:23:00,report-service,200,316
2026-03-03 03:21:00,notification-service,502,326
2026-03-04 14:49:00,payment-service,200,359
2026-03-03 14:59:00,auth-service,200,322
2026-03-01 21:59:00,notification-service,201,592
2026-03-03 17:38:00,auth-service,201,808
2026-03-07 12:00:00,payment-service,200,699
2026-03-01 09:56:00,payment-service,500,370
2026-03-05 20:01:00,inventory-service,200,123
2026-03-06 18:20:00,auth-service,404,128
2026-03-06 03:17:00,payment-service,201,354
2026-03-07 10:41:00,report-service,500,252
2026-03-06 08:01:00,auth-service,200,600
2026-03-03 22:50:00,auth-service,200,823
2026-03-02 06:26:00,auth-service,500,332
2026-03-04 07:12:00,payment-service,200,827
2026-03-04 23:04:00,payment-service,400,567
2026-03-02 06:50:00,report-service,502,465
2026-03-07 02:47:00,report-service,200,309
2026-03-01 01:51:00,inventory-service,500,345
2026-03-04 21:24:00,inventory-service,200,742
2026-03-07 00:03:00,payment-service,200,305
2026-03-06 06:39:00,notification-service,200,405
2026-03-07 06:04:00,notification-service,400,526
2026-03-01 17:29:00,inventory-service,401,801
2026-03-04 04:08:00,auth-service,200,565
2026-03-05 01:11:00,payment-service,200,826
2026-03-01 21:18:00,inventory-service,500,393
2026-03-04 02:32:00,notification-service,404,216
2026-03-02 05:20:00,report-service,200,613
2026-03-04 00:34:00,auth-service,500,871
2026-03-06 04:51:00,inventory-service,200,360
2026-03-03 23:06:00,auth-service,201,822
2026-03-03 18:00:00,auth-service,200,670
2026-03-04 12:19:00,payment-service,201,550
2026-03-01 22:34:00,payment-service,502,498
2026-03-03 04:15:00,inventory-service,500,154
2026-03-04 02:17:00,notification-service,500,224
2026-03-07 22:18:00,report-service,500,728
2026-03-01 00:43:00,payment-service,500,375
2026-03-07 19:46:00,notification-service,503,792
2026-03-02 18:20:00,notification-service,200,299
2026-03-07 08:27:00,auth-service,404,272
2026-03-03 22:44:00,inventory-service,201,604
2026-03-02 10:49:00,auth-service,502,123
2026-03-06 10:08:00,inventory-service,200,730
2026-03-05 05:19:00,inventory-service,401,555
2026-03-07 09:37:00,notification-service,200,420
2026-03-03 02:03:00,report-service,200,351
2026-03-02 21:08:00,notification-service,502,79
2026-03-03 07:52:00,auth-service,400,144
2026-03-06 18:08:00,report-service,502,124
2026-03-04 16:27:00,report-service,500,720
2026-03-01 12:08:00,notification-service,200,664
2026-03-02 13:12:00,report-service,400,52
2026-03-01 13:00:00,notification-service,200,350
2026-03-05 20:26:00,payment-service,200,370
2026-03-07 09:24:00,inventory-service,500,362
2026-03-06 00:51:00,notification-service,500,374
2026-03-05 07:19:00,report-service,500,511
2026-03-06 07:16:00,payment-service,200,216
2026-03-06 19:25:00,payment-service,201,451
2026-03-01 09:18:00,report-service,201,314
2026-03-04 17:05:00,report-service,401,822
2026-03-06 03:40:00,report-service,200,342
2026-03-01 22:24:00,report-service,200,651
2026-03-02 18:12:00,auth-service,500,556
2026-03-02 19:13:00,auth-service,200,345
2026-03-05 21:31:00,payment-service,500,830
2026-03-04 21:27:00,report-service,201,452
2026-03-03 19:38:00,notification-service,404,864
2026-03-04 02:51:00,inventory-service,500,448
2026-03-01 12:57:00,report-service,200,64
2026-03-03 23:02:00,payment-service,200,103
2026-03-01 01:34:00,report-service,400,131
2026-03-03 03:20:00,report-service,200,454
2026-03-04 19:27:00,notification-service,500,692
2026-03-06 13:34:00,inventory-service,200,790
2026-03-01 20:08:00,payment-service,404,740
2026-03-03 20:59:00,auth-service,401,278
2026-03-01 15:32:00,notification-service,500,826
2026-03-01 04:07:00,payment-service,201,493
2026-03-02 06:43:00,auth-service,500,476
2026-03-02 17:43:00,payment-service,502,50
2026-03-04 03:01:00,notification-service,200,587
2026-03-05 18:16:00,auth-service,502,222
2026-03-07 08:13:00,auth-service,500,637
2026-03-05 23:22:00,report-service,200,305
2026-03-06 12:50:00,report-service,404,604
2026-03-04 16:36:00,auth-service,404,301
2026-03-02 15:39:00,inventory-service,500,639
2026-03-06 15:44:00,notification-service,502,454
2026-03-06 17:04:00,auth-service,201,828
2026-03-06 02:39:00,auth-service,500,428
2026-03-02 18:22:00,report-service,500,473
2026-03-05 19:07:00,auth-service,200,556
2026-03-03 02:34:00,notification-service,401,483
2026-03-04 01:34:00,report-service,400,752
2026-03-03 13:07:00,auth-service,404,793
2026-03-07 17:32:00,inventory-service,200,604
2026-03-05 21:10:00,report-service,201,582
2026-03-03 02:08:00,report-service,503,594
2026-03-03 05:49:00,report-service,500,82
2026-03-02 23:14:00,report-service,201,700
2026-03-01 21:33:00,auth-service,502,604
2026-03-07 10:49:00,payment-service,201,253
2026-03-04 05:30:00,notification-service,503,161
2026-03-01 02:03:00,report-service,200,455
2026-03-01 14:54:00,notification-service,401,502
2026-03-03 15:16:00,payment-service,502,117
2026-03-06 14:12:00,report-service,200,261
2026-03-01 04:40:00,report-service,201,866
2026-03-01 02:31:00,report-service,503,144
2026-03-05 18:04:00,inventory-service,500,857
2026-03-06 16:36:00,inventory-service,200,110
2026-03-05 15:05:00,report-service,500,846
2026-03-05 09:51:00,inventory-service,200,373
2026-03-02 05:46:00,report-service,200,386
2026-03-06 23:31:00,notification-service,404,125
